{
  "random": {
    "iteration": [
      1,
      2,
      3,
      4,
      5,
      6,
      7,
      8,
      9
    ],
    "test_mse": [
      0.05634916732461549,
      0.056343356914752805,
      0.056347425313486764,
      0.056356270192286305,
      0.05636350533985098,
      0.05634966504669565,
      0.05635614016911631,
      0.0563174179356748,
      0.056329752311384935
    ],
    "test_pearson": [
      0.04817703039332548,
      0.04842243253506537,
      0.048209099595604016,
      0.04821277275230103,
      0.048228607817812914,
      0.04829206277271006,
      0.04852444278243386,
      0.04834818701749634,
      0.04813436330221366
    ],
    "n_training_samples": [
      3727,
      3742,
      3757,
      3772,
      3787,
      3802,
      3817,
      3832,
      3838
    ],
    "mean_uncertainty": [
      0.038981440450763634,
      0.038966668835178964,
      0.039003618323720894,
      0.03896595687731886,
      0.03896576248827639,
      0.03896744458132273,
      0.03893213196543303,
      0.03901732355058094,
      0.039014864624588065
    ],
    "mean_gi_score": [
      0.3850939932423175,
      0.39892572466963566,
      0.4239986662820496,
      0.46476809505521727,
      0.448360820491124,
      0.45179283228735767,
      0.4220009111373033,
      0.5071299132721071,
      0.46633784087889496
    ],
    "strategy": [
      "random",
      "random",
      "random",
      "random",
      "random",
      "random",
      "random",
      "random",
      "random"
    ]
  },
  "uncertainty": {
    "iteration": [
      1,
      2,
      3,
      4,
      5,
      6,
      7,
      8,
      9
    ],
    "test_mse": [
      0.056344578353333986,
      0.05637248617846134,
      0.056350213331248525,
      0.056348090403140975,
      0.056323226318195876,
      0.05633567594868753,
      0.056330078279520364,
      0.056350769366280334,
      0.056358030552607484
    ],
    "test_pearson": [
      0.048287789883393224,
      0.04817722833673238,
      0.047916882579794644,
      0.04834419599089353,
      0.04814275183988648,
      0.048166097562528924,
      0.04828491119710368,
      0.04816468241047817,
      0.048164895313371744
    ],
    "n_training_samples": [
      3727,
      3742,
      3757,
      3772,
      3787,
      3802,
      3817,
      3832,
      3838
    ],
    "mean_uncertainty": [
      0.03898669048555454,
      0.038946227036120384,
      0.03898950717316469,
      0.038969699130977475,
      0.03901895048523925,
      0.0390009527318919,
      0.03899643015456878,
      0.03896321307007288,
      0.03895446271529482
    ],
    "mean_gi_score": [
      0.4181354152588667,
      0.4956631965401542,
      0.4810660235088204,
      0.5158372999160813,
      0.5099651721854027,
      0.5260153262243279,
      0.5292513991415722,
      0.5207836460394011,
      0.577551977506171
    ],
    "strategy": [
      "uncertainty",
      "uncertainty",
      "uncertainty",
      "uncertainty",
      "uncertainty",
      "uncertainty",
      "uncertainty",
      "uncertainty",
      "uncertainty"
    ]
  },
  "synergy": {
    "iteration": [
      1,
      2,
      3,
      4,
      5,
      6,
      7,
      8,
      9
    ],
    "test_mse": [
      0.056344567042509466,
      0.05633371336998561,
      0.056344221131173156,
      0.05635863917911489,
      0.056330866893813024,
      0.05632862679893506,
      0.05635799048511696,
      0.05634991059704985,
      0.056380105640186924
    ],
    "test_pearson": [
      0.04803713210085067,
      0.048255055077068294,
      0.04831727886880959,
      0.04833408233302793,
      0.048359901347054604,
      0.048371431907229985,
      0.04809695075983562,
      0.0482692540662384,
      0.047817446466470084
    ],
    "n_training_samples": [
      3727,
      3742,
      3757,
      3772,
      3787,
      3802,
      3817,
      3832,
      3838
    ],
    "mean_uncertainty": [
      0.0389731003251458,
      0.03899217713448998,
      0.038980453175300786,
      0.03896143660473962,
      0.0390067190706298,
      0.03900325405594771,
      0.038961430236314466,
      0.03897941373793528,
      0.03896534927766424
    ],
    "mean_gi_score": [
      0.3452526140792375,
      0.47908672740614683,
      0.5572290055935027,
      0.47849565169454467,
      0.5830777160591546,
      0.5543557606660913,
      0.5030736413551112,
      0.4207078051129737,
      0.48832087858810547
    ],
    "strategy": [
      "synergy",
      "synergy",
      "synergy",
      "synergy",
      "synergy",
      "synergy",
      "synergy",
      "synergy",
      "synergy"
    ]
  },
  "diversity": {
    "iteration": [
      1,
      2,
      3,
      4,
      5,
      6,
      7,
      8,
      9
    ],
    "test_mse": [
      0.05637035483526388,
      0.056326799448214844,
      0.0563556102203047,
      0.05634885876892329,
      0.05632683152441843,
      0.05635106076699178,
      0.056342304151652624,
      0.056364303354780564,
      0.056323716814638075
    ],
    "test_pearson": [
      0.04808358182694588,
      0.04821751250207677,
      0.04830721246564548,
      0.04825738296805881,
      0.04835079009002956,
      0.04808812394835091,
      0.0482507190040069,
      0.04820865644760977,
      0.04826483446615618
    ],
    "n_training_samples": [
      3727,
      3742,
      3757,
      3772,
      3787,
      3802,
      3817,
      3832,
      3838
    ],
    "mean_uncertainty": [
      0.03896314456809816,
      0.03900464677561671,
      0.03898678201294263,
      0.03896803447456282,
      0.03899940228934298,
      0.03898306664887107,
      0.03898672487024067,
      0.03895594971146405,
      0.0390209145746044
    ],
    "mean_gi_score": [
      0.3999907493305863,
      0.4540188410997205,
      0.37286423466678403,
      0.39033686290679737,
      0.3436136246047513,
      0.41734242508755315,
      0.36177848381338906,
      0.3482635712094735,
      0.49833639481646536
    ],
    "strategy": [
      "diversity",
      "diversity",
      "diversity",
      "diversity",
      "diversity",
      "diversity",
      "diversity",
      "diversity",
      "diversity"
    ]
  },
  "weighted_all": {
    "iteration": [
      1,
      2,
      3,
      4,
      5,
      6,
      7,
      8,
      9
    ],
    "test_mse": [
      0.05633802196709093,
      0.056353074809611804,
      0.05636250825036153,
      0.05631803083081695,
      0.056342200354711436,
      0.056371532225307046,
      0.056359150893874714,
      0.056358252410031916,
      0.05635848969120078
    ],
    "test_pearson": [
      0.04823461232464776,
      0.04830171843276168,
      0.048188632076372945,
      0.04814740418922122,
      0.04849171101700077,
      0.048034095357956295,
      0.04808794160840569,
      0.048065327266438064,
      0.04828206253841204
    ],
    "n_training_samples": [
      3727,
      3742,
      3757,
      3772,
      3787,
      3802,
      3817,
      3832,
      3838
    ],
    "mean_uncertainty": [
      0.03899878495571272,
      0.03897107420805673,
      0.03895953173713054,
      0.03903669065791962,
      0.03896668676579644,
      0.0389613328540489,
      0.0389894757459154,
      0.038977239222817615,
      0.03897020488934194
    ],
    "mean_gi_score": [
      0.39643235111812664,
      0.43985051819018745,
      0.5161726434754336,
      0.49055050130236383,
      0.5332727806218593,
      0.5594201208066323,
      0.6199782988614515,
      0.4595512552123336,
      0.5863650825932063
    ],
    "strategy": [
      "weighted",
      "weighted",
      "weighted",
      "weighted",
      "weighted",
      "weighted",
      "weighted",
      "weighted",
      "weighted"
    ]
  }
}