{
  "random": {
    "iteration": [
      1,
      2,
      3
    ],
    "test_mse": [
      0.18344970381190592,
      0.18344241182643242,
      0.18344079313119568
    ],
    "test_pearson": [
      0.03671662299769905,
      0.03674577274833383,
      0.03670826827025312
    ],
    "n_training_samples": [
      7334,
      7337,
      7340
    ],
    "mean_uncertainty": [
      0.059207504822960236,
      0.05921429855804438,
      0.05923768546650496
    ],
    "mean_gi_score": [
      0.5882579328892557,
      0.5760457776875814,
      0.5823042974844724
    ],
    "strategy": [
      "random",
      "random",
      "random"
    ]
  },
  "uncertainty": {
    "iteration": [
      1,
      2,
      3
    ],
    "test_mse": [
      0.1834597591740607,
      0.18344342472535877,
      0.18342620184463362
    ],
    "test_pearson": [
      0.03669579807255887,
      0.03671899278378587,
      0.036731551979046644
    ],
    "n_training_samples": [
      7334,
      7337,
      7340
    ],
    "mean_uncertainty": [
      0.059200461953907484,
      0.05922362785786434,
      0.05924702543371847
    ],
    "mean_gi_score": [
      0.5800533096109969,
      0.6352771203330059,
      0.6524892205252794
    ],
    "strategy": [
      "weighted",
      "weighted",
      "weighted"
    ]
  },
  "synergy": {
    "iteration": [
      1,
      2,
      3
    ],
    "test_mse": [
      0.18347063569880218,
      0.18341453770624166,
      0.18342094490202127
    ],
    "test_pearson": [
      0.03670570458864779,
      0.03675651749466164,
      0.036714361940838526
    ],
    "n_training_samples": [
      7334,
      7337,
      7340
    ],
    "mean_uncertainty": [
      0.05919373491109912,
      0.05924108153381803,
      0.059241104981271595
    ],
    "mean_gi_score": [
      0.6007973019354232,
      0.6432855416332885,
      0.6538202346249188
    ],
    "strategy": [
      "weighted",
      "weighted",
      "weighted"
    ]
  },
  "diversity": {
    "iteration": [
      1,
      2,
      3
    ],
    "test_mse": [
      0.18342734142676898,
      0.18343464535439932,
      0.18343473818786302
    ],
    "test_pearson": [
      0.03664865369704668,
      0.0367735403525002,
      0.03670791279245166
    ],
    "n_training_samples": [
      7334,
      7337,
      7340
    ],
    "mean_uncertainty": [
      0.059240722027907235,
      0.05922484717613444,
      0.05922836881969932
    ],
    "mean_gi_score": [
      0.5805333060661261,
      0.5996597919709599,
      0.6204362374653117
    ],
    "strategy": [
      "weighted",
      "weighted",
      "weighted"
    ]
  },
  "unc_syn": {
    "iteration": [
      1,
      2,
      3
    ],
    "test_mse": [
      0.18346205889752734,
      0.1834156311856626,
      0.18346696406043814
    ],
    "test_pearson": [
      0.03666109075095535,
      0.036766101098846905,
      0.03675572395048593
    ],
    "n_training_samples": [
      7334,
      7337,
      7340
    ],
    "mean_uncertainty": [
      0.05920595642574423,
      0.0592400900309745,
      0.059206434772997335
    ],
    "mean_gi_score": [
      0.5765197339379621,
      0.6599595892773206,
      0.6605593354406284
    ],
    "strategy": [
      "weighted",
      "weighted",
      "weighted"
    ]
  },
  "balanced": {
    "iteration": [
      1,
      2,
      3
    ],
    "test_mse": [
      0.1834605675395485,
      0.18343947849244124,
      0.18344662073267537
    ],
    "test_pearson": [
      0.036703715580742806,
      0.036734245428868925,
      0.036700749415191046
    ],
    "n_training_samples": [
      7334,
      7337,
      7340
    ],
    "mean_uncertainty": [
      0.05920255056423015,
      0.05922200507757516,
      0.05920976714835047
    ],
    "mean_gi_score": [
      0.5907941190734782,
      0.635133777133742,
      0.6358341578926836
    ],
    "strategy": [
      "weighted",
      "weighted",
      "weighted"
    ]
  }
}