{
  "gears": {
    "mse": 0.3662306854974871,
    "mae": 0.2545001598327928,
    "pearson_r": 0.8624152549764187,
    "r2": 0.06580464107247563
  },
  "sclambda": {
    "mse": 